"","state","district","stunting_range","uw_range","wasting_range","rural_population_percapita","urban_population_percapita","total_population","x12_women_who_are_literate_percent","x13_men_who_are_literate_percent"
"1","ANDAMAN AND NICOBAR","NICOBARS",0,0,0,1,0,36842,78.8,91.3
"2","ANDAMAN AND NICOBAR","NORTH AND MIDDLE ANDAMAN",0.5,0.5,1,0.974042823186265,0.0259571768137352,105597,77.9,82.8
"3","ANDAMAN AND NICOBAR","SOUTH ANDAMANS",0,0,0.5,0.408978676587918,0.591021323412082,238142,86.9,91
"4","ANDHRA PRADESH","SRIKAKULAM",0.5,0.5,0.5,0.838444475519715,0.161555524480285,2703114,59.6,79.7
"5","ANDHRA PRADESH","VIZIANAGARAM",0.5,0.5,0.5,0.790609322176318,0.209390677823682,2344474,54.3,73.4
"6","ANDHRA PRADESH","VISAKHAPATANAM",0.5,0.5,0.5,0.525491255396404,0.474508744603596,4290589,64,82.8
"7","ANDHRA PRADESH","EAST GODAVARI",0.5,0.5,0.5,0.745072459944093,0.254927540055907,5154296,71.7,83.3
"8","ANDHRA PRADESH","WEST GODAVARI",0.5,0.5,0,0.794568457030109,0.205431542969891,3936966,68.1,65.9
"9","ANDHRA PRADESH","KRISHNA",0,0.5,0.5,0.591875677104386,0.408124322895614,4517398,72.3,88.4
"10","ANDHRA PRADESH","GUNTUR",0,0.5,0.5,0.661865541910053,0.338134458089947,4887813,60.4,76.6
"11","ANDHRA PRADESH","PRAKASAM",0.5,0.5,0.5,0.804387881727697,0.195612118272303,3397448,54.6,74
"12","ANDHRA PRADESH","SPSR NELLORE",0.5,0.5,0.5,0.710607894499751,0.289392105500249,2963557,61.4,80.1
"13","ANDHRA PRADESH","KADAPA",0.5,0.5,0.5,0.660314820384885,0.339685179615115,2882469,63.6,77
"14","ANDHRA PRADESH","KURNOOL",1,0.5,0.5,0.716468116274899,0.283531883725101,4053463,51.8,70.8
"15","ANDHRA PRADESH","ANANTAPUR",1,0.5,0.5,0.719267470819485,0.280732529180515,4081148,58.2,86.5
"16","ANDHRA PRADESH","CHITTOOR",0.5,0.5,0.5,0.704991106988297,0.295008893011703,4174064,67.7,87.5
"17","ARUNACHAL PRADESH","LOWER DIBANG VALLEY",0,0,0.5,0.789404585798817,0.210595414201183,54080,64.55,80.72
"18","ARUNACHAL PRADESH","LOHIT",0.5,0.5,0.5,0.777459067016181,0.222540932983819,145726,62.49,73
"19","ARUNACHAL PRADESH","ANJAW",0,0,0.5,0.953607029810554,0.0463929701894458,21167,63.66,84.65
"20","ASSAM","KOKRAJHAR",0.5,0.5,0.5,NA,NA,886999,64.5,76.1
"21","ASSAM","DHUBRI",1,0.5,0.5,0.89549818443736,0.10450181556264,1949258,58.8,68
"22","ASSAM","GOALPARA",1,0.5,0.5,0.863058591545384,0.136941408454616,1008183,70.7,72
"23","ASSAM","BARPETA",1,0.5,0.5,0.912995343707155,0.0870046562928446,1693622,67.4,83.9
"24","ASSAM","MARIGAON",0.5,0.5,0,0.923442407378975,0.0765575926210254,957423,73,79.3
"25","ASSAM","NAGAON",0.5,0.5,0,0.8691344331404,0.1308655668596,2823768,73.3,80.2
"26","ASSAM","SONITPUR",0.5,0.5,0.5,0.909649136483881,0.0903508635161191,1924110,68.3,87.7
"27","ASSAM","LAKHIMPUR",0.5,0.5,0,0.912359891261897,0.0876401087381026,1042137,79,85.1
"28","ASSAM","DHEMAJI",0.5,0,0,0.929627346301665,0.0703726536983355,686133,73.9,87.2
"29","ASSAM","TINSUKIA",0.5,0.5,0,0.800634672486255,0.199365327513745,1327929,59.1,77.7
"30","ASSAM","DIBRUGARH",0.5,0.5,0.5,0.816237979092763,0.183762020907237,1326335,72.6,81.8
"31","ASSAM","SIVASAGAR",0.5,0.5,0,0.904351678901872,0.0956483210981278,1151050,77.1,81.9
"32","ASSAM","JORHAT",0.5,0,0,0.798093121026572,0.201906878973427,1092256,82,92.3
"33","ASSAM","GOLAGHAT",0.5,0.5,0,0.908391508761932,0.0916084912380681,1066888,75.8,83.6
"34","ASSAM","KARBI ANGLONG",0.5,0.5,0.5,0.881873403373163,0.118126596626837,956313,61.9,75.4
"35","ASSAM","DIMA HASAO",0.5,0,0,0.708134440593736,0.291865559406264,214102,71.8,85.5
"36","ASSAM","CACHAR",0.5,0.5,1,0.81834566861893,0.18165433138107,1736617,74.9,87.7
"37","ASSAM","KARIMGANJ",1,0.5,0.5,0.910717628425814,0.0892823715741858,1228686,78.6,90.9
"38","ASSAM","HAILAKANDI",0.5,0.5,0.5,0.926982720962967,0.0730172790370334,659296,73.5,87.2
"39","ASSAM","BONGAIGAON",0.5,0.5,0.5,0.85136788647598,0.14863211352402,738804,71.4,86.7
"40","ASSAM","CHIRANG",1,0.5,0,0.926711354275119,0.0732886457248808,482162,63.3,78.1
"41","ASSAM","KAMRUP",0.5,0.5,0.5,0.906168000622059,0.0938319993779414,1517542,76.7,88.6
"42","ASSAM","KAMRUP METRO",0,0.5,0,0.172996591538019,0.827003408461981,1253938,84.3,93.5
"43","ASSAM","NALBARI",0.5,0,0.5,0.892786652825998,0.107213347174002,771639,79.3,85.5
"44","ASSAM","BAKSA",0.5,0.5,0,0.987114701470936,0.0128852985290635,950075,72.6,82.5
"45","ASSAM","DARRANG",1,0.5,0.5,0.940232633279483,0.059767366720517,928500,67.7,71.6
"46","ASSAM","UDALGURI",0.5,0.5,0.5,0.954820914114767,0.045179085885233,831668,66.6,83.6
"47","BIHAR","PASHCHIM CHAMPARAN",1,0.5,0.5,0.90008619984234,0.0999138001576603,3935042,44.4,75.1
"48","BIHAR","PURBI CHAMPARAN",1,1,0.5,0.921295587240073,0.0787044127599267,5099371,44.6,67
"49","BIHAR","SHEOHAR",1,1,0,0.957156310286082,0.0428436897139183,656246,40.9,69.5
"50","BIHAR","SITAMARHI",1,1,0.5,0.944356978993298,0.0556430210067024,3423574,37.6,66.2
"51","BIHAR","MADHUBANI",1,1,0.5,0.964011285875341,0.0359887141246594,4487379,40.9,76.6
"52","BIHAR","SUPAUL",1,1,0.5,0.952644952437692,0.0473550475623083,2229076,35.9,80.7
"53","BIHAR","ARARIA",1,1,0.5,0.939970528911081,0.0600294710889187,2811569,38.8,64.9
"54","BIHAR","KISHANGANJ",1,1,0.5,0.904683506862281,0.0953164931377189,1690400,33.7,46.8
"55","BIHAR","PURNIA",1,1,0.5,0.894932609287638,0.105067390712362,3264619,41.1,78.5
"56","BIHAR","KATIHAR",1,1,0.5,0.910837051685282,0.089162948314718,3071029,40.2,65.7
"57","BIHAR","MADHEPURA",1,1,0.5,0.955808432770729,0.044191567229271,2001762,32.6,76.9
"58","BIHAR","SAHARSA",1,1,0.5,0.917639179211864,0.0823608207881363,1900661,39,63.2
"59","BIHAR","DARBHANGA",1,1,0.5,0.902644013729925,0.0973559862700752,3937385,43.5,79.9
"60","BIHAR","MUZAFFARPUR",1,1,0.5,0.901389109326228,0.0986108906737718,4801062,53.8,76.9
"61","BIHAR","GOPALGANJ",0.5,0.5,0.5,0.936454239870852,0.0635457601291485,2562012,57,85.6
"62","BIHAR","SIWAN",0.5,0.5,0,0.945078823851571,0.0549211761484286,3330464,61.6,89.1
"63","BIHAR","SARAN",1,1,0.5,0.910623903365047,0.0893760966349533,3951862,57.5,82.1
"64","BIHAR","VAISHALI",1,1,0.5,0.933311130319389,0.0666888696806114,3495021,54.1,82.4
"65","BIHAR","SAMASTIPUR",1,1,0.5,0.965318617616153,0.0346813823838467,4261566,50,80.6
"66","BIHAR","BEGUSARAI",1,0.5,0.5,0.808175345837677,0.191824654162323,2970541,50.7,75.2
"67","BIHAR","KHAGARIA",1,1,0.5,0.947711481169078,0.0522885188309219,1666886,44.2,76.3
"68","BIHAR","BHAGALPUR",1,1,0.5,0.801652925208854,0.198347074791146,3037766,54.6,77
"69","BIHAR","BANKA",1,1,1,0.96495267507813,0.0350473249218705,2034763,42.7,79.8
"70","BIHAR","MUNGER",1,1,0.5,0.722086761980311,0.277913238019689,1367765,62.5,86.7
"71","BIHAR","LAKHISARAI",1,1,0.5,0.857119307191841,0.142880692808159,1000912,52.4,77.9
"72","BIHAR","SHEIKHPURA",1,1,1,0.828705318837983,0.171294681162017,636342,49.1,76.6
"73","BIHAR","NALANDA",1,1,0.5,0.840879355502557,0.159120644497443,2877653,48.8,76.5
"74","BIHAR","PATNA",1,1,1,0.569306315958047,0.430693684041953,5838465,64.7,85.6
"75","BIHAR","BHOJPUR",1,1,1,0.857110394453613,0.142889605546387,2728407,56.4,87.3
"76","BIHAR","BUXAR",1,1,0.5,0.903596092717095,0.0964039072829053,1706352,62.9,89.1
"77","BIHAR","KAIMUR (BHABUA)",1,1,0.5,0.959682953103326,0.0403170468966738,1626384,59.7,80.5
"78","BIHAR","ROHTAS",1,1,0.5,0.855480793724691,0.144519206275309,2959918,64.2,82
"79","BIHAR","GAYA",1,1,1,0.867559635634777,0.132440364365223,4391418,50.2,79.9
"80","BIHAR","NAWADA",1,1,0.5,0.902854972137931,0.0971450278620695,2219146,47.5,68.7
"81","BIHAR","JAMUI",1,1,1,0.917443429210892,0.0825565707891082,1760405,44.4,75.5
"82","BIHAR","JEHANABAD",1,1,0.5,0.879859203617127,0.120140796382873,1125313,55.3,78
"83","BIHAR","ARWAL",1,1,1,0.926019094148047,0.0739809058519526,700843,54.6,84.8
"84","BIHAR","AURANGABAD",1,1,0.5,0.562267884478945,0.437732115521055,3701282,59.3,91
"85","CHHATTISGARH","KOREA",0.5,0.5,1,0.688429650471911,0.311570349528089,658917,61.47,83.29
"86","CHHATTISGARH","SURGUJA",0.5,0.5,0.5,NA,NA,2361329,53.02,79.07
"87","CHHATTISGARH","JASHPUR",0.5,0.5,0.5,0.910772847197679,0.0892271528023211,851669,65.77,76.72
"88","CHHATTISGARH","KORBA",0.5,0.5,1,0.630138235099118,0.369861764900882,1206640,66.22,82.88
"89","CHHATTISGARH","JANJGIR-CHAMPA",0.5,0.5,0.5,0.861048325407003,0.138951674592997,1619707,72.84,91.52
"90","CHHATTISGARH","BILASPUR",0.5,0.5,1,NA,NA,693851,70.13,87.47
"91","CHHATTISGARH","KABIRDHAM",1,0.5,0.5,0.893748039575649,0.106251960424351,822526,51.73,80.98
"92","CHHATTISGARH","RAJNANDGAON",1,0.5,0.5,0.82271410476517,0.17728589523483,1537133,75.95,95.81
"93","CHHATTISGARH","DURG",0.5,0.5,0.5,NA,NA,3343872,75.74,91.94
"94","CHHATTISGARH","RAIPUR",0.5,0.5,0.5,NA,NA,1010087,69.72,87.96
"95","CHHATTISGARH","MAHASAMUND",1,0.5,0.5,0.883658644749863,0.116341355250137,1032754,64.61,86.76
"96","CHHATTISGARH","DHAMTARI",0.5,1,1,0.813455183356444,0.186544816643556,799781,75.38,90.29
"97","CHHATTISGARH","KANKER",0.5,1,1,0.897507280279755,0.102492719720245,748941,64.45,86.78
"98","CHHATTISGARH","BASTAR",1,1,1,NA,NA,1411647,47.17,71.41
"99","CHHATTISGARH","NARAYANPUR",1,1,1,0.841896724359891,0.158103275640109,139820,48.27,77.7
"100","CHHATTISGARH","DANTEWADA",1,1,1,NA,NA,247029,38.01,53.8
"101","CHHATTISGARH","RAIGARH",0.5,0.5,0.5,0.835137457964744,0.164862542035256,1493984,67.65,86.23
"102","CHHATTISGARH","BIJAPUR",1,1,1,0.76945260045441,0.23054739954559,2177331,64.38,87.58
"103","DAMAN AND DIU","DADRA AND NAGAR HAVELI",0.5,0.5,0.5,0.539290240811153,0.460709759188847,52074,81.01,92.35
"104","DAMAN AND DIU","DAMAN",0,0.5,1,0.169024914606142,0.830975085393858,191173,83.81,89.38
"105","DELHI","CENTRAL",0.5,0.5,0.5,0,1,582320,86.69,94.26
"106","DELHI","WEST",0.5,0.5,0.5,0.00252433605439984,0.9974756639456,2543243,86.57,91.52
"107","DELHI","SOUTH WEST",0.5,0.5,0,0.0626596736617068,0.937340326338293,2292958,81.58,76.8
"108","DELHI","SOUTH",0.5,0.5,0.5,0.00446314673624388,0.995536853263756,2731929,80.43,93.89
"109","GOA","NORTH GOA",0,0.5,0.5,0.397217386627026,0.602782613372974,818008,91.1,94
"110","GOA","SOUTH GOA",0,0.5,1,0.354084151266828,0.645915848733172,640537,85.8,95.7
"111","GUJARAT","KACHCHH",1,0.5,1,0.651813660196973,0.348186339803027,2092371,56.69,86.52
"112","GUJARAT","BANAS KANTHA",1,1,0.5,0.867035987112347,0.132964012887653,3120506,56.08,86.55
"113","GUJARAT","PATAN",0.5,0.5,0.5,0.790820951170395,0.209179048829605,1343734,61.4,78.01
"114","GUJARAT","MAHESANA",1,1,1,0.747265933651227,0.252734066348773,2035064,77.05,90.23
"115","GUJARAT","SABAR KANTHA",1,1,0.5,NA,NA,2428589,68.15,92.28
"116","GUJARAT","GANDHINAGAR",0.5,1,1,0.568438508844601,0.431561491155399,1391753,68.76,86.75
"117","GUJARAT","AHMADABAD",0.5,0.5,1,NA,NA,5577967,82.15,92.64
"118","GUJARAT","SURENDRANAGAR",1,1,1,NA,NA,1756268,66.48,85.59
"119","GUJARAT","RAJKOT",0.5,0.5,0.5,NA,NA,1442975,82.71,91.94
"120","GUJARAT","JAMNAGAR",0.5,0.5,1,NA,NA,600043,72.51,85.17
"121","GUJARAT","PORBANDAR",0,0.5,1,0.512042893573992,0.487957106426008,585449,78.51,90.61
"122","GUJARAT","JUNAGADH",0.5,0.5,1,NA,NA,517350,77.01,88.51
"123","GUJARAT","AMRELI",0.5,0.5,0.5,0.744658860512881,0.255341139487119,1514190,76.67,91.42
"124","GUJARAT","BHAVNAGAR",1,1,1,NA,NA,606282,66.49,93.18
"125","GUJARAT","ANAND",1,1,0.5,0.696576983817904,0.303423016182096,2092745,76.72,91.9
"126","GUJARAT","KHEDA",1,1,1,NA,NA,2299885,70.86,91.89
"127","GUJARAT","PANCH MAHALS",1,1,1,NA,NA,1630758,64.71,91.79
"128","GUJARAT","DOHAD",1,1,0.5,0.909911964067273,0.0900880359327267,2127086,52.23,77.95
"129","GUJARAT","VADODARA",1,0.5,0.5,NA,NA,2065771,71.55,87
"130","GUJARAT","NARMADA",1,1,1,0.895184966211924,0.104815033788076,590297,70.18,84.75
"131","GUJARAT","BHARUCH",1,1,1,0.661539284818561,0.338460715181439,1551019,72.41,85.02
"132","GUJARAT","DANG",1,1,1,0.891861702826655,0.108138297173345,228291,56.93,74.8
"133","GUJARAT","NAVSARI",0.5,0.5,1,0.692302312149162,0.307697687850838,1329672,84.34,88.38
"134","GUJARAT","VALSAD",1,1,1,0.627420298555765,0.372579701444235,1705678,76.18,92.95
"135","GUJARAT","SURAT",0.5,0.5,1,0.202605453222178,0.797394546777822,6081322,80.96,92.47
"136","GUJARAT","TAPI",0.5,1,1,0.901505782989807,0.098494217010193,807022,67.24,88.67
"137","HARYANA","PANCHKULA",0,0.5,1,0.441949213690532,0.558050786309468,561293,85.7,95.9
"138","HARYANA","AMBALA",0,0.5,1,0.556189125714539,0.443810874285461,1128350,90,96.5
"139","HARYANA","YAMUNANAGAR",0.5,0.5,1,0.610585527155629,0.389414472844371,1214205,84.3,94.7
"140","HARYANA","KURUKSHETRA",0.5,0.5,0.5,0.710544184190203,0.289455815809797,964655,80.4,92
"141","HARYANA","KAITHAL",0.5,0.5,0.5,0.780312648933635,0.219687351066365,1074304,73.1,84.9
"142","HARYANA","KARNAL",1,0.5,0.5,0.697865708644783,0.302134291355217,1505324,78.4,86.5
"143","HARYANA","PANIPAT",1,1,1,0.539515544984931,0.460484455015069,1205437,78.6,93
"144","HARYANA","SONIPAT",1,0.5,0.5,0.68733538804456,0.31266461195544,1450001,82.1,92.5
"145","HARYANA","JIND",0.5,0.5,1,0.770953384621842,0.229046615378158,1334152,77.2,89.5
"146","HARYANA","FATEHABAD",0.5,0.5,0.5,0.809356790950424,0.190643209049576,942011,71.8,87.3
"147","HARYANA","SIRSA",0.5,0.5,0.5,0.753512421739221,0.246487578260779,1295189,70.3,79
"148","HARYANA","HISAR",0.5,0.5,0.5,0.682620470649355,0.317379529350645,1743931,73.3,89.4
"149","HARYANA","BHIWANI",0.5,0.5,0.5,0.803406049148182,0.196593950851818,1634445,76.2,87.3
"150","HARYANA","ROHTAK",0.5,0.5,0,0.579568113199724,0.420431886800276,1061204,78,89
"151","HARYANA","JHAJJAR",0,0.5,0.5,0.746100030780307,0.253899969219693,958405,82.5,94.8
"152","HARYANA","MAHENDRAGARH",0,0.5,0.5,0.855919391641579,0.144080608358421,922088,79,93.3
"153","HARYANA","REWARI",0.5,0.5,0.5,0.74072897553347,0.25927102446653,900332,77.6,97.9
"154","HARYANA","GURGAON",1,0.5,0.5,0.311786201031146,0.688213798968854,1514432,74.6,90.9
"155","HARYANA","MEWAT",1,1,0.5,0.886064247110202,0.113935752889798,1089263,35.6,78
"156","HARYANA","FARIDABAD",0.5,0.5,0.5,0.204935203148752,0.795064796851248,1809733,74.2,96.3
"157","HARYANA","PALWAL",0.5,0.5,0.5,0.77314454286339,0.22685545713661,1042708,59.8,92.2
"158","HIMACHAL PRADESH","CHAMBA",0.5,0.5,0.5,0.930438468058873,0.0695615319411266,519080,74.95,92.58
"159","HIMACHAL PRADESH","KANGRA",0.5,0.5,0,0.942863102826019,0.0571368971739814,1510075,94.33,96.73
"160","HIMACHAL PRADESH","LAHUL AND SPITI",0,0,0.5,1,0,31564,80.91,90.98
"161","HIMACHAL PRADESH","KULLU",0,0,0,0.905479067282024,0.0945209327179764,437903,82.33,96.83
"162","HIMACHAL PRADESH","MANDI",0.5,0,0,0.93734902883343,0.0626509711665701,999777,86.87,96.36
"163","HIMACHAL PRADESH","UNA",0,0,0,0.913823241035127,0.0861767589648735,521173,91.89,94.19
"164","HIMACHAL PRADESH","SOLAN",0.5,0.5,0.5,0.823981596360629,0.176018403639371,580320,86.14,98.02
"165","HIMACHAL PRADESH","SIRMAUR",0,0.5,0.5,0.892111992903719,0.107888007096281,529855,82.05,95.58
"166","HIMACHAL PRADESH","SHIMLA",0.5,0.5,0.5,0.752643087922753,0.247356912077247,814010,85.76,94.93
"167","HIMACHAL PRADESH","KINNAUR",0,0,0,1,0,84121,87.7,97.35
"168","HIMACHAL PRADESH","HAMIRPUR",0.5,0,0,0.809969346681337,0.190030653318663,1104285,97.75,99.26
"169","HIMACHAL PRADESH","BILASPUR",0.5,0.5,0,NA,NA,693851,92.14,97.27
"170","JAMMU & KASHMIR","KUPWARA",0.5,0,0,0.879670800616761,0.120329199383239,870354,66.34,88.49
"171","JAMMU & KASHMIR","BADGAM",0,0,0,0.870099304141321,0.129900695858679,753745,57.58,78.78
"172","JAMMU & KASHMIR","LEH LADAKH",0,0,0,0.657861814259066,0.342138185740934,133487,71.38,85.88
"173","JAMMU & KASHMIR","KARGIL",0.5,0.5,0,0.883964716410278,0.116035283589722,140802,66.78,91.16
"174","JAMMU & KASHMIR","POONCH",0.5,0.5,0.5,0.918986651567104,0.0810133484328961,476835,65.96,90.5
"175","JAMMU & KASHMIR","RAJAURI",0.5,0.5,0,0.918566658624098,0.0814333413759019,642415,68.85,87.63
"176","JAMMU & KASHMIR","KATHUA",0.5,0,0.5,0.854464785419387,0.145535214580613,616435,79.4,91.39
"177","JAMMU & KASHMIR","BARAMULLA",0.5,0,0,0.818955417399525,0.181044582600475,1008039,66.93,84.49
"178","JAMMU & KASHMIR","BANDIPORA",0,0,0,0.833361377959983,0.166638622040017,392232,61.32,84.05
"179","JAMMU & KASHMIR","SRINAGAR",0.5,0.5,0.5,0.0139978929989514,0.986002107001049,1236829,74.26,84.31
"180","JAMMU & KASHMIR","GANDERBAL",0,0,0,0.84185700933951,0.15814299066049,297446,61.03,83.2
"181","JAMMU & KASHMIR","PULWAMA",0,0,0,0.856430661623011,0.14356933837699,560440,68.1,88.26
"182","JAMMU & KASHMIR","SHOPIAN",0,0,0,0.938545912138685,0.0614540878613151,266215,65.4,87.27
"183","JAMMU & KASHMIR","ANANTNAG",0,0,0,0.73774997867788,0.26225002132212,1078692,65.31,86.9
"184","JAMMU & KASHMIR","KULGAM",0,0,0,0.810091334635309,0.189908665364691,424483,61.79,83.67
"185","JAMMU & KASHMIR","DODA",0.5,0,0,0.920258284219976,0.0797417157800242,409936,54.86,83.63
"186","JAMMU & KASHMIR","RAMBAN",0.5,0,0.5,0.958369901978408,0.0416300980215922,283713,44.74,82.09
"187","JAMMU & KASHMIR","KISHTWAR",0.5,0,0.5,0.935564552484655,0.0644354475153449,230696,51.78,86.24
"188","JAMMU & KASHMIR","UDHAMPUR",1,0.5,0,0.805025361045794,0.194974638954206,554985,70.73,88.65
"189","JAMMU & KASHMIR","REASI",0.5,0.5,0.5,0.914207718000299,0.0857922819997013,314667,63.94,84.44
"190","JAMMU & KASHMIR","JAMMU",0,0,0,0.499977777167739,0.500022222832261,1529958,85.26,93.04
"191","JAMMU & KASHMIR","SAMBA",0,0,0,0.831874141575049,0.168125858424951,318898,81.15,94.43
"192","JHARKHAND","GARHWA",1,1,1,0.947330781140383,0.0526692188596173,1322784,50.98,79.75
"193","JHARKHAND","CHATRA",1,1,1,0.939634821063856,0.0603651789361445,1042886,52.43,66.32
"194","JHARKHAND","KODERMA",1,1,0.5,0.802800383660101,0.197199616339899,716259,57.63,87.89
"195","JHARKHAND","GIRIDIH",1,1,0.5,0.914935100516301,0.0850648994836993,2445474,50.61,78.5
"196","JHARKHAND","DEOGHAR",1,1,0.5,0.826844262981771,0.173155737018229,1492073,52.71,79.07
"197","JHARKHAND","GODDA",1,1,0.5,0.950958128005688,0.0490418719943116,1313551,42.51,75.23
"198","JHARKHAND","SAHEBGANJ",1,1,0.5,0.861228420422279,0.138771579577721,1150567,45.88,60.67
"199","JHARKHAND","PAKUR",1,1,0.5,0.925021823100724,0.0749781768992761,900422,39.14,71.2
"200","JHARKHAND","DHANBAD",0.5,1,1,0.418736615226671,0.581263384773329,2684487,68.29,86.2
"201","JHARKHAND","BOKARO",0.5,1,1,0.523042384099538,0.476957615900462,2062330,63.34,87.04
"202","JHARKHAND","LOHARDAGA",1,1,1,0.875677255895537,0.124322744104463,461790,60.04,80.94
"203","JHARKHAND","EAST SINGHBUM",0.5,1,1,0.4443609386382,0.555639061361801,2293919,71.42,84.93
"204","JHARKHAND","PALAMU",1,1,0.5,0.883495741207267,0.116504258792733,1939869,58.03,78.2
"205","JHARKHAND","LATEHAR",1,1,1,0.92866634203511,0.0713336579648903,726978,51.37,72.9
"206","JHARKHAND","HAZARIBAGH",1,1,0.5,0.841275414457811,0.15872458554219,1734495,62.6,86.29
"207","JHARKHAND","RAMGARH",0.5,1,1,0.55873601680143,0.44126398319857,949443,74.45,82.16
"208","JHARKHAND","DUMKA",1,1,1,0.931757882676652,0.0682421173233483,1321442,51.81,72.17
"209","JHARKHAND","JAMTARA",1,1,1,0.904245286596666,0.0957547134033338,791042,46.88,78.78
"210","JHARKHAND","RANCHI",1,1,1,0.568556676445044,0.431443323554956,2914253,72.99,85.53
"211","JHARKHAND","KHUNTI",1,1,1,0.915429087114696,0.0845709128853041,531885,59.21,71.6
"212","JHARKHAND","GUMLA",1,1,1,0.936519533014115,0.0634804669858849,1025213,68,82.28
"213","JHARKHAND","SIMDEGA",0.5,1,1,0.928376291324899,0.0716237086751015,599578,58.62,72.84
"214","JHARKHAND","WEST SINGHBHUM",1,1,1,0.854870208967622,0.145129791032378,1502338,49.77,69.58
"215","JHARKHAND","SARAIKELA KHARSAWAN",1,1,0.5,0.757058783763483,0.242941216236517,1065056,60.03,78.24
"216","KARNATAKA","BELGAUM",0.5,0.5,1,0.746593953002106,0.253406046997894,4779661,74.5,86.7
"217","KARNATAKA","BAGALKOT",1,1,0.5,0.683637853009284,0.316362146990716,1889752,59.3,73.2
"218","KARNATAKA","BIJAPUR",1,0.5,1,0.76945260045441,0.23054739954559,2177331,66,81.3
"219","KARNATAKA","BIDAR",1,0.5,0.5,0.749925438853989,0.250074561146011,1703300,72.2,90.2
"220","KARNATAKA","RAICHUR",0.5,1,1,0.745777193422687,0.254222806577313,1928812,45.8,76.9
"221","KARNATAKA","KOPPAL",1,1,1,0.831857948658916,0.168142051341084,1389920,56.2,81.3
"222","KARNATAKA","GADAG",0.5,0.5,1,0.643697455310595,0.356302544689405,1064570,69.8,79.2
"223","KARNATAKA","DHARWAD",0.5,1,1,0.431767227587312,0.568232772412688,1847023,73.5,86.6
"224","KARNATAKA","UTTAR KANNAD",0.5,0.5,0.5,0.708467828070324,0.291532171929676,1437169,81.6,91.2
"225","KARNATAKA","HAVERI",1,0.5,0.5,0.777487563123252,0.222512436876748,1597668,67.7,88.4
"226","KARNATAKA","BELLARY",1,1,1,0.624789661562549,0.375210338437451,2452595,53.1,78
"227","KARNATAKA","CHITRADURGA",0.5,0.5,1,0.801421068109067,0.198578931890933,1659456,71.7,85.6
"228","KARNATAKA","DAVANGERE",1,1,0.5,0.676684158341031,0.323315841658969,1945497,71.1,75.7
"229","KARNATAKA","SHIMOGA",0.5,0.5,0,0.644144383150393,0.355855616849607,1752753,75.6,87.7
"230","KARNATAKA","UDUPI",0,0.5,0.5,0.716262896426839,0.283737103573161,1177361,86,88.1
"231","KARNATAKA","CHIKMAGALUR",0,0.5,0.5,0.789528815135141,0.210471184864859,1137961,69.4,81.2
"232","KARNATAKA","TUMKUR",0.5,0.5,1,0.776378323093117,0.223621676906882,2678980,70.2,87.3
"233","KARNATAKA","BENGALURU URBAN",0.5,0.5,1,0.090589032890851,0.909410967109149,9621551,87,92.7
"234","KARNATAKA","MANDYA",0,0.5,0.5,0.829235079348466,0.170764920651534,1805769,71.8,86.2
"235","KARNATAKA","HASSAN",0.5,0.5,0.5,0.787908947259687,0.212091052740313,1776421,72.7,83.9
"236","KARNATAKA","DAKSHIN KANNAD",0,0.5,0.5,0.523323773514117,0.476676226485884,2089649,83.7,91.2
"237","KARNATAKA","KODAGU",0.5,0.5,0.5,0.853949098227473,0.146050901772527,554519,82.4,90.1
"238","KARNATAKA","MYSORE",0.5,0.5,0.5,0.585018228152291,0.414981771847709,3001127,70.5,86.9
"239","KARNATAKA","CHAMARAJANAGAR",0.5,0.5,0.5,0.828589789682707,0.171410210317293,1020791,60.7,70.7
"240","KARNATAKA","GULBARGA",1,1,1,0.674417435664838,0.325582564335162,2566326,54.3,79.8
"241","KARNATAKA","YADGIR",1,1,1,0.812073192644628,0.187926807355372,1174271,41.8,56.9
"242","KARNATAKA","KOLAR",0.5,0.5,0.5,0.687534048728164,0.312465951271836,1536401,70.7,83.9
"243","KARNATAKA","CHIKBALLAPUR",0.5,0.5,0.5,0.776019357758401,0.223980642241599,1255104,63.1,81.9
"244","KARNATAKA","BANGALORE RURAL",0.5,0.5,0.5,0.728794265548383,0.271205734451617,990923,74.6,90.9
"245","KARNATAKA","RAMANAGARA",0,0.5,0.5,0.752678647301586,0.247321352698414,1082636,71.3,86.3
"246","KERALA","KASARAGOD",0,0,0,0.610634286260637,0.389365713739363,1307375,94.44,98.33
"247","KERALA","KANNUR",0.5,0,0,0.349590151101683,0.650409848898317,2523003,98.64,99.31
"248","KERALA","WAYANAD",0.5,0.5,0.5,0.961366249908248,0.0386337500917521,817420,92.77,94.16
"249","KERALA","KOZHIKODE",0,0,0,0.328459093158038,0.671540906841962,3086293,98.99,97.85
"250","KERALA","MALAPPURAM",0.5,0,0.5,0.558170107855246,0.441829892144754,4112920,98.4,98.33
"251","KERALA","PALAKKAD",0,0,0,0.759136691466775,0.240863308533225,2809934,95.84,98.18
"252","KERALA","THRISSUR",0,0,0.5,0.328333333333333,0.671666666666667,3121200,98.97,98.84
"253","KERALA","ERNAKULAM",0,0,0.5,0.319287360299879,0.680712639700121,3282388,99.19,100
"254","KERALA","IDUKKI",0,0,0.5,0.953069233363451,0.0469307666365487,1108974,94.92,97.63
"255","KERALA","KOTTAYAM",0,0,0.5,0.713659966240426,0.286340033759574,1974551,99.61,100
"256","KERALA","ALAPPUZHA",0,0,0.5,0.460404203612294,0.539595796387706,2127789,98.74,98.7
"257","KERALA","PATHANAMTHITTA",0,0,0,0.890085450955895,0.109914549044105,1197412,98.66,98.83
"258","KERALA","KOLLAM",0,0,0.5,0.549529763316416,0.450470236683584,2635375,97.41,97.96
"259","KERALA","THIRUVANANTHAPURAM",0,0.5,0,0.463384772705863,0.536615227294137,3301427,97.23,100
"260","MADHYA PRADESH","SHEOPUR",1,1,1,0.843933585419147,0.156066414580853,687861,40.5,75.1
"261","MADHYA PRADESH","MORENA",1,1,1,0.760697263946042,0.239302736053958,1965970,58,83.8
"262","MADHYA PRADESH","BHIND",1,1,1,0.745789354699487,0.254210645300513,1703005,58.2,83.6
"263","MADHYA PRADESH","GWALIOR",1,1,1,0.373144963967174,0.626855036032826,2032036,67.1,82
"264","MADHYA PRADESH","DATIA",1,1,1,0.768692628191277,0.231307371808723,786754,58.8,79
"265","MADHYA PRADESH","SHIVPURI",1,1,1,0.828844471481127,0.171155528518873,1726050,46.8,76.7
"266","MADHYA PRADESH","TIKAMGARH",1,1,0.5,0.82709737151303,0.17290262848697,1445166,50.5,79.4
"267","MADHYA PRADESH","CHHATARPUR",1,1,0.5,0.773591885949358,0.226408114050642,1762375,52,80.1
"268","MADHYA PRADESH","PANNA",1,1,0.5,0.876701884862078,0.123298115137922,1016520,57.4,75.5
"269","MADHYA PRADESH","SAGAR",1,0.5,0.5,0.701993476445664,0.298006523554336,2378458,63.1,89.9
"270","MADHYA PRADESH","DAMOH",1,0.5,0.5,0.801813609825513,0.198186390174487,1264219,58.6,87.5
"271","MADHYA PRADESH","SATNA",1,0.5,1,0.787154851980879,0.212845148019121,2228935,66.8,86.8
"272","MADHYA PRADESH","REWA",1,0.5,0.5,0.832656549008797,0.167343450991203,2365106,63.2,85.1
"273","MADHYA PRADESH","UMARIA",1,1,1,0.828549626371445,0.171450373628555,644758,57.3,73.8
"274","MADHYA PRADESH","NEEMUCH",0.5,0.5,0.5,0.703135459956638,0.296864540043362,826067,54.2,87.4
"275","MADHYA PRADESH","MANDSAUR",0.5,0.5,0.5,0.792896357908134,0.207103642091866,1340411,54.4,82.7
"276","MADHYA PRADESH","RATLAM",1,1,0.5,0.701023800245899,0.298976199754101,1455069,54.5,82.6
"277","MADHYA PRADESH","UJJAIN",0.5,0.5,0.5,0.607817646300904,0.392182353699096,1986864,58.6,86.6
"278","MADHYA PRADESH","SHAJAPUR",1,1,1,NA,NA,941403,50.5,88.2
"279","MADHYA PRADESH","DEWAS",1,1,1,0.711098889503522,0.288901110496478,1563715,61.4,88.9
"280","MADHYA PRADESH","DHAR",1,1,1,0.810951448741944,0.189048551258056,2185793,51.3,77.8
"281","MADHYA PRADESH","INDORE",0.5,0.5,0.5,0.259098720449282,0.740901279550718,3276697,73.2,89
"282","MADHYA PRADESH","KHARGONE",1,1,0.5,0.840443854555628,0.159556145444372,1873046,53,79.4
"283","MADHYA PRADESH","BARWANI",1,1,1,0.852751426709797,0.147248573290203,1385881,42.3,57.6
"284","MADHYA PRADESH","RAJGARH",0.5,1,1,0.821157655448844,0.178842344551156,1545814,51.7,80.5
"285","MADHYA PRADESH","VIDISHA",1,1,0.5,0.76720555222346,0.23279444777654,1458875,56.7,69.9
"286","MADHYA PRADESH","BHOPAL",1,0.5,0.5,0.191479679350299,0.808520320649701,2371061,75.8,95.3
"287","MADHYA PRADESH","SEHORE",0.5,0.5,1,0.81052700612812,0.18947299387188,1311332,60.4,87.7
"288","MADHYA PRADESH","RAISEN",1,1,0.5,0.772134512168471,0.227865487831529,1331597,63.9,82.9
"289","MADHYA PRADESH","BETUL",0.5,1,1,0.803758755130567,0.196241244869433,1575362,69.5,78.8
"290","MADHYA PRADESH","HARDA",0.5,1,1,0.790760169335542,0.209239830664458,570465,60.6,77.7
"291","MADHYA PRADESH","HOSHANGABAD",0.5,1,1,0.685837193378177,0.314162806621823,1241350,68.3,89
"292","MADHYA PRADESH","KATNI",1,1,0.5,0.796025980579579,0.203974019420421,1292042,65.2,80.9
"293","MADHYA PRADESH","JABALPUR",0.5,1,1,0.415401928072589,0.584598071927411,2463289,73.7,87.6
"294","MADHYA PRADESH","NARSINGHPUR",0.5,0.5,0.5,0.813583134741458,0.186416865258542,1091854,66,86.7
"295","MADHYA PRADESH","DINDORI",1,1,1,0.954127893442949,0.0458721065570513,704524,50.7,77.6
"296","MADHYA PRADESH","MANDLA",0.5,1,1,0.876586991245657,0.123413008754343,1054905,57.7,79.8
"297","MADHYA PRADESH","CHHINDWARA",0.5,1,1,0.758392230795792,0.241607769204208,2090922,67.1,81.7
"298","MADHYA PRADESH","SEONI",0.5,1,1,0.881164298387898,0.118835701612102,1379131,62.5,75.3
"299","MADHYA PRADESH","BALAGHAT",0.5,1,1,0.856134284696815,0.143865715303185,1701698,73.5,80.3
"300","MADHYA PRADESH","GUNA",1,1,1,0.748151256646092,0.251848743353908,1241519,44.6,80.2
"301","MADHYA PRADESH","ASHOKNAGAR",1,1,1,0.818140724270505,0.181859275729495,845071,52.4,77
"302","MADHYA PRADESH","SHAHDOL",0.5,1,1,0.794008421641123,0.205991578358877,1066063,54.6,87.5
"303","MADHYA PRADESH","ANUPPUR",0.5,0.5,1,0.726066651807105,0.273933348192895,749237,61.8,80.5
"304","MADHYA PRADESH","SIDHI",1,1,0.5,0.917375090170385,0.0826249098296146,1127033,56.6,82.7
"305","MADHYA PRADESH","SINGRAULI",0.5,0.5,1,0.807526778598848,0.192473221401152,1178273,53.2,76.5
"306","MADHYA PRADESH","JHABUA",1,1,0.5,0.910264690043783,0.0897353099562167,1025048,28,57.8
"307","MADHYA PRADESH","ALIRAJPUR",1,1,1,0.921709083277206,0.0782909167227939,728999,27.1,55
"308","MADHYA PRADESH","KHANDWA",1,1,0.5,0.801966473316891,0.198033526683109,1310061,51.9,74
"309","MADHYA PRADESH","BURHANPUR",1,1,0.5,0.656544130939358,0.343455869060642,757847,58.2,69.8
"310","MAHARASHTRA","NANDURBAR",1,1,1,0.832873363081245,0.167126636918755,1648295,46.1,57.2
"311","MAHARASHTRA","DHULE",0.5,1,1,0.721562933049615,0.278437066950385,2050862,60.9,87
"312","MAHARASHTRA","JALGAON",0.5,0.5,1,0.68256800310739,0.31743199689261,4229917,72.6,86.2
"313","MAHARASHTRA","BULDHANA",1,1,0.5,0.787778326833595,0.212221673166405,2586258,77.7,87.6
"314","MAHARASHTRA","AKOLA",1,0.5,0.5,0.603209317351616,0.396790682648384,1813906,84.5,90.5
"315","MAHARASHTRA","WASHIM",1,1,1,0.823404557452638,0.176595442547362,1197160,77,93.5
"316","MAHARASHTRA","AMRAVATI",0.5,0.5,0.5,0.640883935820138,0.359116064179861,2888445,85.3,89.1
"317","MAHARASHTRA","WARDHA",0.5,0.5,1,0.674578366418763,0.325421633581237,1300774,82.9,86.9
"318","MAHARASHTRA","NAGPUR",0.5,0.5,1,0.316920342876544,0.683079657123456,4653570,89.6,97.4
"319","MAHARASHTRA","BHANDARA",1,0.5,0.5,0.805195054043291,0.194804945956709,1200334,90.6,92.8
"320","MAHARASHTRA","GONDIA",0.5,1,1,0.829165365476326,0.170834634523674,1322507,83.5,91
"321","MAHARASHTRA","GADCHIROLI",0.5,1,1,0.889991257682149,0.110008742317851,1072942,72.6,91.3
"322","MAHARASHTRA","CHANDRAPUR",0.5,1,1,0.648244096670745,0.351755903329255,2204307,80.5,90.1
"323","MAHARASHTRA","YAVATMAL",1,1,1,0.78424317582064,0.21575682417936,2772348,75.8,92.8
"324","MAHARASHTRA","NANDED",1,0.5,0.5,0.728111095376421,0.271888904623579,3361292,75.3,88.5
"325","MAHARASHTRA","HINGOLI",0.5,0.5,0.5,0.848189782943827,0.151810217056173,1177345,69,92.3
"326","MAHARASHTRA","PARBHANI",1,1,0.5,0.68966268464549,0.31033731535451,1836086,70.7,84.7
"327","MAHARASHTRA","JALNA",1,1,0.5,0.807340409566697,0.192659590433303,1959046,65.7,88.3
"328","MAHARASHTRA","AURANGABAD",0.5,0.5,0.5,0.562267884478945,0.437732115521055,3701282,78.3,93.6
"329","MAHARASHTRA","NASHIK",1,1,1,0.57470223197685,0.42529776802315,6107187,82.2,92
"330","MAHARASHTRA","THANE",0.5,1,1,NA,NA,1886941,78.4,92.8
"331","MAHARASHTRA","MUMBAI SUBURBAN",0,0.5,0.5,0,1,9356962,82,94.5
"332","MAHARASHTRA","MUMBAI",0.5,0.5,1,0,1,3085411,90.5,98.1
"333","MAHARASHTRA","RAIGARH",0.5,0.5,1,0.835137457964744,0.164862542035256,1493984,84.9,92.3
"334","MAHARASHTRA","PUNE",0,0.5,0.5,0.390080268029552,0.609919731970448,9429408,87.6,98.5
"335","MAHARASHTRA","AHMEDNAGAR",0.5,0.5,0.5,0.799122813003023,0.200877186996977,4543159,80.3,95.1
"336","MAHARASHTRA","BEED",0.5,0.5,1,0.801049032339426,0.198950967660574,2585049,67,92.3
"337","MAHARASHTRA","LATUR",0.5,0.5,0.5,0.745342262802156,0.254657737197844,2454196,77.1,93.1
"338","MAHARASHTRA","OSMANABAD",1,1,0.5,0.830440957156716,0.169559042843284,1657576,78.2,93.2
"339","MAHARASHTRA","SOLAPUR",0.5,0.5,0.5,0.675968025983868,0.324031974016132,4317756,76.4,93.5
"340","MAHARASHTRA","SATARA",0,0.5,0.5,0.810110791842572,0.189889208157428,3003741,85.4,99.3
"341","MAHARASHTRA","RATNAGIRI",0.5,0.5,0.5,0.836711001201806,0.163288998798194,1615069,85.1,93.7
"342","MAHARASHTRA","SINDHUDURG",0.5,0.5,0.5,0.874058878292381,0.125941121707619,849651,91,98.4
"343","MAHARASHTRA","KOLHAPUR",0.5,0.5,1,0.682660298591254,0.317339701408746,3876001,84.3,91.9
"344","MAHARASHTRA","SANGLI",0,0.5,0.5,0.74510256921779,0.254897430782211,2822143,85.6,95.2
"345","MANIPUR","SENAPATI",0.5,0,0,0.961412998596086,0.0385870014039144,193744,79.8,93.5
"346","MANIPUR","TAMENGLONG",0.5,0,0,0.862333008652622,0.137666991347378,140651,68.7,91
"347","MANIPUR","CHURACHANDPUR",0.5,0,0,0.933038596644817,0.0669614033551832,274143,81.1,93.2
"348","MANIPUR","BISHNUPUR",0,0,0,0.631401143223013,0.368598856776987,237399,85.7,95
"349","MANIPUR","THOUBAL",0.5,0,0,0.641533702222812,0.358466297777188,422168,83.7,98.2
"350","MANIPUR","IMPHAL WEST",0,0,0,0.376671840491745,0.623328159508255,517992,92.7,97.7
"351","MANIPUR","IMPHAL EAST",0.5,0,0,0.59832979985223,0.40167020014777,456113,85.3,96.8
"352","MANIPUR","UKHRUL",0.5,0,0,0.8522429591626,0.1477570408374,183998,84.1,91.7
"353","MANIPUR","CHANDEL",0.5,0,0,0.883154624016868,0.116845375983132,144182,75.3,95.9
"354","MEGHALAYA","WEST GARO HILLS",0.5,0.5,0.5,NA,NA,515813,77.7,78.5
"355","MEGHALAYA","EAST GARO HILLS",0.5,0,0,NA,NA,247555,69.5,74.9
"356","MEGHALAYA","SOUTH GARO HILLS",0,0.5,1,0.907745162786123,0.0922548372138772,142334,86.8,97.1
"357","MEGHALAYA","WEST KHASI HILLS",1,0.5,0.5,NA,NA,294115,88.7,91.6
"358","MEGHALAYA","RI BHOI",1,0.5,0,0.902437799412765,0.0975622005872354,258840,75.8,81.6
"359","MEGHALAYA","EAST KHASI HILLS",1,0.5,0,0.556276500686505,0.443723499313494,825922,92.6,90.5
"360","MEGHALAYA","EAST JAINTIA HILLS",1,0.5,0.5,NA,NA,270352,79.6,79.1
"361","MIZORAM","MAMIT",0.5,0,0,0.827485989532676,0.172514010467324,86364,81.02,92.95
"362","MIZORAM","KOLASIB",0.5,0,0,0.441629444345185,0.558370555654815,83955,95.19,98.75
"363","MIZORAM","AIZAWL",0,0,0,0.213722399446428,0.786277600553572,400309,98.73,99.33
"364","MIZORAM","CHAMPHAI",0.5,0,0,0.614068153803332,0.385931846196668,125745,97.05,99.51
"365","MIZORAM","SERCHHIP",0.5,0,0,0.506922093721607,0.493077906278393,64937,99.19,100
"366","MIZORAM","LUNGLEI",0.5,0,0,0.574101147260698,0.425898852739302,161428,92.73,99.03
"367","MIZORAM","LAWNGTLAI",0.5,0.5,0,0.823315860009839,0.176684139990161,117894,71.92,93.32
"368","MIZORAM","SAIHA",0.5,0,0,0.556156538339166,0.443843461660834,56574,95.66,97.89
"369","NAGALAND","MON",0.5,0.5,0.5,0.862367138176297,0.137632861823703,250260,67,68.5
"370","NAGALAND","MOKOKCHUNG",0,0,0,0.713675740666523,0.286324259333477,194622,96.4,94.9
"371","NAGALAND","ZUNHEBOTO",0.5,0,0,0.803938702870905,0.196061297129095,140757,87.1,90.1
"372","NAGALAND","WOKHA",0,0,0,0.789567339773841,0.210432660226159,166343,89.2,93.1
"373","NAGALAND","DIMAPUR",0,0,0,0.477657723772541,0.522342276227459,378811,81.3,88.7
"374","NAGALAND","PHEK",0.5,0,0,0.849618769046249,0.15038123095375,163418,75,86.4
"375","NAGALAND","TUENSANG",0.5,0.5,0,0.812946346822926,0.187053653177074,196596,77.9,79.8
"376","NAGALAND","LONGLENG",0.5,0,0.5,0.849199746454322,0.150800253545678,50484,77.1,85.9
"377","NAGALAND","KIPHIRE",1,0.5,0,0.777214745148911,0.222785254851089,74004,75.2,83.8
"378","NAGALAND","KOHIMA",0,0,0,0.548158872785349,0.451841127214651,267988,89.4,89
"379","NAGALAND","PEREN",0.5,0,0,0.855175962780538,0.144824037219462,95219,76.3,88.9
"380","ODISHA","BARGARH",0.5,0.5,0.5,0.898660257686894,0.101339742313106,1481255,69.22,86.84
"381","ODISHA","JHARSUGUDA",0.5,0.5,0.5,0.601099213984349,0.398900786015651,579505,76.1,87.05
"382","ODISHA","SAMBALPUR",1,1,1,0.704069449687302,0.295930550312698,1041099,72.23,82.57
"383","ODISHA","DEOGARH",0.5,0.5,0.5,0.928356585178549,0.0716434148214514,312520,66.83,80.49
"384","ODISHA","SUNDARGARH",0.5,1,1,0.647423352123804,0.352576647876196,2093437,68.57,84.63
"385","ODISHA","KENDUJHAR",1,1,0.5,0.859546891798063,0.140453108201937,1801733,66.28,86.83
"386","ODISHA","MAYURBHANJ",1,1,0.5,0.923446009069197,0.0765539909308031,2519738,58.27,81.62
"387","ODISHA","BALESHWAR",0.5,0.5,0.5,0.890846871553857,0.109153128446143,2320529,75.78,92.84
"388","ODISHA","BHADRAK",0.5,0.5,0.5,0.87662920050427,0.12337079949573,1506337,76.76,90.49
"389","ODISHA","KENDRAPARA",0.5,0.5,0,0.942004816847999,0.0579951831520015,1440361,81.07,80.23
"390","ODISHA","JAGATSINGHAPUR",0,0,0,0.897992121171077,0.102007878828924,1136971,85.83,93.64
"391","ODISHA","CUTTACK",0,0,0,0.719544517559736,0.280455482440264,2624470,83.63,91.67
"392","ODISHA","JAJAPUR",0.5,0.5,0.5,0.926063051939807,0.0739369480601929,1827192,79.1,89.87
"393","ODISHA","DHENKANAL",0.5,0.5,0.5,0.901488165350588,0.0985118346494122,1192811,72.78,83.65
"394","ODISHA","ANUGUL",0.5,0.5,0.5,0.837853199154355,0.162146800845645,1273821,70.57,86.86
"395","ODISHA","NAYAGARH",0.5,0.5,0.5,0.917180192129324,0.0828198078706757,962789,75.5,87.94
"396","ODISHA","KHORDHA",0,0.5,0,0.518439844506729,0.481560155493271,2251673,80.42,93.64
"397","ODISHA","PURI",0,0,0,0.844042313963961,0.155957686036039,1698730,82.93,93.61
"398","ODISHA","GANJAM",0.5,0.5,0.5,0.782376238689884,0.217623761310116,3529031,64.11,84.28
"399","ODISHA","GAJAPATI",0.5,0.5,0.5,0.877701763707194,0.122298236292806,577817,45.03,63.08
"400","ODISHA","KANDHAMAL",0.5,1,0.5,0.901407701436347,0.0985922985636535,733110,55.92,83.03
"401","ODISHA","BOUDH",1,1,0.5,0.953704081493873,0.046295918506127,441162,64.25,82.25
"402","ODISHA","SONEPUR",1,1,0.5,NA,NA,541835,69.5,85.99
"403","ODISHA","BALANGIR",1,1,1,0.880302389876998,0.119697610123002,1648997,61.92,85.57
"404","ODISHA","NUAPADA",0.5,1,1,0.94420870864475,0.0557912913552497,610382,49.92,78.18
"405","ODISHA","KALAHANDI",0.5,0.5,0.5,0.922639737352944,0.0773602626470557,1576869,46.13,73.61
"406","ODISHA","RAYAGADA",1,1,0.5,0.84816165949142,0.15183834050858,967911,35.31,62.19
"407","ODISHA","NABARANGPUR",1,1,1,0.928231879214969,0.0717681207850306,1220946,41.76,61.61
"408","ODISHA","KORAPUT",1,1,1,0.836067486828152,0.163932513171848,1379647,39.74,75.41
"409","ODISHA","MALKANGIRI",1,1,1,0.919229213688372,0.0807707863116283,613192,34.84,60.75
"410","PUDUCHERRY","YANAM",0.5,0.5,0.5,0,1,55626,76.2,75.9
"411","PUDUCHERRY","PONDICHERRY",0,0.5,0.5,0.30841144115106,0.69158855884894,950289,84.5,91.6
"412","PUDUCHERRY","MAHE",0.5,0,0,0,1,41816,98.9,97.6
"413","PUDUCHERRY","KARAIKAL",0,0.5,0.5,0.510033862412722,0.489966137587278,200222,86.8,97.7
"414","PUNJAB","GURDASPUR",0,0.5,0.5,NA,NA,2104011,88.21,90.4
"415","PUNJAB","KAPURTHALA",0,0.5,0.5,0.65349228625265,0.34650771374735,815168,87.13,87.27
"416","PUNJAB","JALANDHAR",0.5,0.5,0.5,0.470652674383089,0.529347325616911,2193590,89.14,90.49
"417","PUNJAB","HOSHIARPUR",0.5,0.5,0.5,0.788879539903884,0.211120460096116,1586625,90.38,81.73
"418","PUNJAB","NAWANSHAHR",0,0.5,0.5,0.795175646322941,0.204824353677059,612310,86.72,96.27
"419","PUNJAB","FATEHGARH SAHIB",0,0,0,0.690947292652163,0.309052707347837,600163,88.42,95.2
"420","PUNJAB","LUDHIANA",0.5,0.5,0.5,0.408441727147981,0.591558272852019,3498739,84.95,87.17
"421","PUNJAB","MOGA",0.5,0.5,0.5,0.771783165586405,0.228216834413595,995746,77.89,85.55
"422","PUNJAB","FIROZEPUR",0.5,0.5,0.5,NA,NA,2029074,67.68,82.44
"423","PUNJAB","MUKTSAR",0.5,0.5,0.5,0.720376850545961,0.279623149454039,901896,77.42,88.99
"424","PUNJAB","FARIDKOT",0.5,0.5,0.5,0.648504958640212,0.351495041359788,617508,76.88,83.87
"425","PUNJAB","BATHINDA",0,0,0,0.640469563025513,0.359530436974487,1388525,76.15,88.63
"426","PUNJAB","MANSA",0.5,0.5,0.5,0.787458541788189,0.212541458211811,769751,68.35,87.03
"427","PUNJAB","PATIALA",0,0,0,0.597359478310227,0.402640521689774,1895686,83.63,94.16
"428","PUNJAB","AMRITSAR",0,0,0,0.464152817570953,0.535847182429047,2490656,78.53,84.95
"429","PUNJAB","TARN TARAN",0,0,0,0.873355144168549,0.126644855831451,1119627,75.48,76.27
"430","PUNJAB","RUPNAGAR",0,0.5,0,0.740286316490585,0.259713683509415,684627,88.64,95.19
"431","PUNJAB","S.A.S NAGAR",0,0.5,0,0.452447548229087,0.547552451770913,994628,84.33,91.04
"432","PUNJAB","SANGRUR",0.5,0,0.5,0.688270502891246,0.311729497108754,1655169,74.29,86.04
"433","PUNJAB","BARNALA",0,0,0,0.679804610034474,0.320195389965526,595527,77.08,80.55
"434","RAJASTHAN","GANGANAGAR",0.5,0.5,0.5,0.72809227044112,0.27190772955888,1969168,69.03,85.78
"435","RAJASTHAN","HANUMANGARH",0.5,0.5,0.5,0.802521226218409,0.197478773781591,1774692,62.6,82.07
"436","RAJASTHAN","BIKANER",0.5,0.5,0.5,0.661419064890477,0.338580935109523,2363937,59.81,78.54
"437","RAJASTHAN","CHURU",0.5,0.5,0.5,0.717469124271223,0.282530875728777,2039547,58.11,79.26
"438","RAJASTHAN","JHUNJHUNU",0.5,0,0,0.771142395223311,0.228857604776689,2137045,68.71,94.45
"439","RAJASTHAN","ALWAR",1,0.5,0.5,0.821878302608556,0.178121697391444,3674179,59.11,90.35
"440","RAJASTHAN","BHARATPUR",1,0.5,0,0.805726355739265,0.194273644260735,2548462,52.45,87.65
"441","RAJASTHAN","DHOLPUR",1,0.5,0.5,0.794905330720852,0.205094669279148,1206516,57.05,87.12
"442","RAJASTHAN","KARAULI",1,0.5,0.5,0.850433533939357,0.149566466060643,1458248,49.25,86.6
"443","RAJASTHAN","SAWAI MADHOPUR",0.5,0.5,0.5,0.800481598980496,0.199518401019504,1335551,44.88,84.14
"444","RAJASTHAN","DAUSA",0.5,0.5,0.5,0.876534576106715,0.123465423893285,1634409,57.25,92.31
"445","RAJASTHAN","JAIPUR",0.5,0.5,0,0.476040788520924,0.523959211479076,6626178,68.59,92.59
"446","RAJASTHAN","SIKAR",0.5,0.5,0,0.76323229123908,0.23676770876092,2677333,66.54,88.26
"447","RAJASTHAN","NAGAUR",0.5,0.5,0.5,0.807359882554358,0.192640117445642,3307743,53.17,84.32
"448","RAJASTHAN","JODHPUR",1,0.5,0.5,0.657022671890192,0.342977328109808,3687165,55.73,89.03
"449","RAJASTHAN","JAISALMER",0.5,0.5,0.5,0.867110799962383,0.132889200037616,669919,37.01,69.57
"450","RAJASTHAN","BARMER",0.5,0.5,1,0.930163444968432,0.0698365550315679,2603751,37.81,71.3
"451","RAJASTHAN","JALORE",1,1,1,0.917016180628086,0.0829838193719138,1828730,41.73,79.22
"452","RAJASTHAN","SIROHI",1,1,1,0.798663766734276,0.201336233265724,1036346,43.45,84.26
"453","RAJASTHAN","PALI",1,1,0.5,0.774238272690107,0.225761727309893,2037573,57.79,91.16
"454","RAJASTHAN","AJMER",0.5,0.5,1,0.599152475443777,0.400847524556223,2583052,65.07,83.79
"455","RAJASTHAN","TONK",0.5,0.5,0.5,0.776460150591771,0.223539849408229,1421326,52.08,88.92
"456","RAJASTHAN","BUNDI",0.5,1,1,0.799532093624483,0.200467906375517,1110906,51.8,80.24
"457","RAJASTHAN","BHILWARA",0.5,1,1,0.787150050051422,0.212849949948578,2408523,48.54,91.52
"458","RAJASTHAN","RAJSAMAND",0.5,0.5,1,0.841068237251177,0.158931762748823,1156597,59.03,83.75
"459","RAJASTHAN","DUNGARPUR",1,1,1,0.936089537878308,0.0639104621216922,1388552,53.94,79.79
"460","RAJASTHAN","BANSWARA",1,1,1,0.929000242004801,0.0709997579951989,1797485,44.1,78.74
"461","RAJASTHAN","CHITTORGARH",0.5,1,0.5,0.815283959858528,0.184716040141472,1544338,48.62,77.67
"462","RAJASTHAN","KOTA",0.5,0.5,1,0.396926931329042,0.603073068670958,1951014,70.64,89.62
"463","RAJASTHAN","BARAN",1,1,1,0.792097353926175,0.207902646073825,1222755,52.86,85.61
"464","RAJASTHAN","JHALAWAR",0.5,1,1,0.837512374843122,0.162487625156878,1411129,49.86,78.83
"465","RAJASTHAN","UDAIPUR",1,1,1,0.801713585493511,0.198286414506489,3068420,50.51,84.27
"466","RAJASTHAN","PRATAPGARH",1,1,1,0.945392863697793,0.0546071363022067,3209141,45.65,72.07
"467","SIKKIM","NORTH DISTRICT",0,0,0.5,0.893751858884898,0.106248141115102,43709,85.5,88.7
"468","SIKKIM","WEST DISTRICT",1,0,0,0.96153479678968,0.0384652032103199,136435,84.2,88.4
"469","SIKKIM","SOUTH DISTRICT",0.5,0.5,0.5,0.855641811372148,0.144358188627852,146850,86.3,89.5
"470","SIKKIM","EAST DISTRICT",0,0,0,0.568073544605988,0.431926455394012,283583,87.9,93.8
"471","TAMIL NADU","THIRUVALLUR",0.5,0.5,0.5,0.348624662831294,0.651375337168706,3728104,85,91.1
"472","TAMIL NADU","CHENNAI",0.5,0,0.5,0,1,4646732,90.2,96.7
"473","TAMIL NADU","KANCHIPURAM",0,0,0,0.365138565553147,0.634861434446853,3998252,82.2,92.6
"474","TAMIL NADU","VELLORE",0.5,0.5,1,0.567620964801995,0.432379035198005,3936331,79.7,85.5
"475","TAMIL NADU","TIRUVANNAMALAI",0,0.5,1,0.799200770830164,0.200799229169836,2464875,71.6,89.3
"476","TAMIL NADU","VILLUPURAM",0.5,0.5,0.5,0.849925683886052,0.150074316113948,3458873,69.5,72.7
"477","TAMIL NADU","SALEM",0.5,0.5,0.5,0.490495844983538,0.509504155016462,3482056,76.7,85
"478","TAMIL NADU","NAMAKKAL",0.5,0,0,0.596823469927331,0.403176530072669,1726601,76.8,92.5
"479","TAMIL NADU","ERODE",0.5,0,0.5,0.48574260661958,0.51425739338042,2251744,73.2,88
"480","TAMIL NADU","THE NILGIRIS",0.5,0.5,1,0.407589673018817,0.592410326981183,735394,85.8,90.6
"481","TAMIL NADU","DINDIGUL",0.5,0.5,1,0.625868435369425,0.374131564630575,2159775,74.4,85.9
"482","TAMIL NADU","KARUR",0.5,0.5,0.5,0.591808494748204,0.408191505251796,1064493,80.5,85.4
"483","TAMIL NADU","TIRUCHIRAPPALLI",0.5,0.5,0.5,0.50848991106752,0.49151008893248,2722290,83.6,88.2
"484","TAMIL NADU","PERAMBALUR",0,0.5,0.5,0.828097936566629,0.171902063433371,565223,76.4,87.1
"485","TAMIL NADU","ARIYALUR",0.5,0.5,0.5,0.888998985288001,0.111001014711999,754894,69,88.9
"486","TAMIL NADU","CUDDALORE",0.5,0.5,0.5,0.660315344251575,0.339684655748425,2605914,78.1,93
"487","TAMIL NADU","NAGAPATTINAM",0,0.5,0.5,0.774429150298494,0.225570849701506,1616450,80.5,89.4
"488","TAMIL NADU","THIRUVARUR",0.5,0.5,0.5,0.796092944821428,0.203907055178572,1264277,82.9,92.6
"489","TAMIL NADU","THANJAVUR",0.5,0.5,0.5,0.646135525730603,0.353864474269397,2405890,80.1,86.8
"490","TAMIL NADU","PUDUKKOTTAI",0.5,0.5,0.5,0.804520049803966,0.195479950196034,1618345,78.6,89
"491","TAMIL NADU","SIVAGANGA",0,0.5,0.5,0.691699879247346,0.308300120752654,1339101,82.3,91.3
"492","TAMIL NADU","MADURAI",0,0,0,0.392150157393133,0.607849842606867,3038252,81.2,92.4
"493","TAMIL NADU","THENI",0.5,0.5,0,0.461849636286729,0.538150363713271,1245899,75.4,86.3
"494","TAMIL NADU","VIRUDHUNAGAR",0.5,0.5,0.5,0.495324071404447,0.504675928595553,1942288,71.3,89.9
"495","TAMIL NADU","RAMANATHAPURAM",0,0.5,0.5,0.696552870637521,0.303447129362479,1353445,77.4,88
"496","TAMIL NADU","TUTICORIN",0,0,0,0.499020669921196,0.500979330078803,1750176,79.9,84.6
"497","TAMIL NADU","TIRUNELVELI",0.5,0.5,0,0.505975335634318,0.494024664365682,3077233,77.7,96
"498","TAMIL NADU","KANNIYAKUMARI",0,0,0,0.176741122363763,0.823258877636238,1870374,95.4,92.4
"499","TAMIL NADU","DHARMAPURI",0,0.5,1,0.826848583429063,0.173151416570937,1506843,74.5,84.7
"500","TAMIL NADU","KRISHNAGIRI",0.5,0.5,0.5,0.77212418921284,0.22787581078716,1879809,71.8,84.7
"501","TAMIL NADU","COIMBATORE",0.5,0.5,0.5,0.242653001912931,0.757346998087069,3458045,80.5,92.9
"502","TAMIL NADU","TIRUPPUR",0.5,0.5,0.5,0.386414242218396,0.613585757781604,2479052,76.7,88.3
"503","TELANGANA","ADILABAD",0.5,0.5,0.5,0.72265862261554,0.27734137738446,2741239,50.1,73.5
"504","TELANGANA","NIZAMABAD",0.5,0.5,0.5,0.769386615242608,0.230613384757392,2551335,59.2,79.4
"505","TELANGANA","KARIMNAGAR",0,0.5,0.5,0.748104544459094,0.251895455540906,3776269,68.3,83.1
"506","TELANGANA","MEDAK",0.5,0.5,0.5,0.76003894124132,0.23996105875868,3033288,57.8,83.9
"507","TELANGANA","HYDERABAD",0,0,0,0,1,3943323,79.8,85.9
"508","TELANGANA","RANGAREDDI",0.5,0.5,0,0.297837670371272,0.702162329628728,5296741,75.9,88.6
"509","TELANGANA","MAHBUBNAGAR",0.5,0.5,0.5,0.850064692373208,0.149935307626792,4053028,47.2,73.6
"510","TELANGANA","NALGONDA",0.5,0.5,0.5,0.81010511036861,0.18989488963139,3488809,57.6,82.3
"511","TELANGANA","WARANGAL",0.5,0.5,0.5,0.717491379545951,0.282508620454049,3512576,68.9,88.7
"512","TELANGANA","KHAMMAM",0.5,0.5,0,0.765525833193321,0.234474166806679,2797370,60.2,82.7
"513","TRIPURA","WEST TRIPURA",0,0,0,NA,NA,988192,82.9,92.3
"514","TRIPURA","SOUTH TRIPURA",0,0.5,0.5,NA,NA,762565,78.6,91.8
"515","TRIPURA","DHALAI",0.5,0.5,0.5,0.892924939851413,0.107075060148587,378230,70.6,79
"516","TRIPURA","NORTH TRIPURA",0.5,0.5,0,NA,NA,590655,80.7,85.5
"517","UTTAR PRADESH","SAHARANPUR",0.5,0.5,0.5,0.692323004215923,0.307676995784077,3466382,65.66,82.04
"518","UTTAR PRADESH","MUZAFFARNAGAR",1,0.5,0.5,NA,NA,3043663,64.43,83.94
"519","UTTAR PRADESH","BIJNOR",1,1,0.5,0.748741756417076,0.251258243582924,3682713,66.46,87.05
"520","UTTAR PRADESH","MORADABAD",1,1,0.5,NA,NA,2761620,50.44,74.17
"521","UTTAR PRADESH","RAMPUR",1,1,0.5,0.74799117568613,0.25200882431387,2335819,45.83,66.69
"522","UTTAR PRADESH","AMROHA",1,1,0.5,0.750729396088839,0.249270603911161,1840221,57.3,84.62
"523","UTTAR PRADESH","MEERUT",0.5,0.5,0.5,0.489157702684534,0.510842297315466,3443689,70.37,87.85
"524","UTTAR PRADESH","BAGHPAT",0.5,0.5,0,0.788937168853335,0.211062831146665,1303048,70.21,91.53
"525","UTTAR PRADESH","GHAZIABAD",0.5,0.5,0,NA,NA,3323241,74.57,91.48
"526","UTTAR PRADESH","GAUTAM BUDDHA NAGAR",0.5,0.5,0.5,0.408834334982692,0.591165665017308,1648115,74.09,92.62
"527","UTTAR PRADESH","BULANDSHAHR",1,0.5,0.5,0.75210442702,0.24789557298,3499171,58.87,79.64
"528","UTTAR PRADESH","ALIGARH",1,0.5,0,0.66869140575559,0.33130859424441,3673889,58.94,79.33
"529","UTTAR PRADESH","HATHRAS",1,0.5,0,NA,NA,1564708,65.95,87.79
"530","UTTAR PRADESH","MATHURA",1,0.5,0,0.703204401409557,0.296795598590443,2547184,61.2,90.37
"531","UTTAR PRADESH","AGRA",1,0.5,0,0.541912651791879,0.458087348208121,4418797,63.02,86.31
"532","UTTAR PRADESH","FIROZABAD",1,0.5,0,0.666486400368912,0.333513599631088,2498156,64.42,79.01
"533","UTTAR PRADESH","MAINPURI",1,0.5,0,0.845631510134443,0.154368489865557,1868529,73.07,87.7
"534","UTTAR PRADESH","BUDAUN",1,1,0.5,NA,NA,3129000,40.77,73.81
"535","UTTAR PRADESH","BAREILLY",1,1,0.5,0.647418519953088,0.352581480046912,4448359,48.49,74.09
"536","UTTAR PRADESH","PILIBHIT",1,1,0.5,0.826974993193032,0.173025006806968,2031007,53.42,75.62
"537","UTTAR PRADESH","SHAHJAHANPUR",1,1,0.5,0.802399969666108,0.197600030333892,3006538,51.38,70.61
"538","UTTAR PRADESH","KHERI",1,1,0.5,0.885350126814022,0.114649873185978,4021243,44.6,78.64
"539","UTTAR PRADESH","SITAPUR",1,1,0,0.88162690745211,0.11837309254789,4483992,50.6,72.55
"540","UTTAR PRADESH","HARDOI",1,0.5,0,0.867621177933687,0.132378822066313,4092845,54.16,73.29
"541","UTTAR PRADESH","UNNAO",1,0.5,0,0.828962924905585,0.171037075094415,3108367,61.19,72.45
"542","UTTAR PRADESH","LUCKNOW",0.5,1,1,0.33788599946229,0.66211400053771,4589838,79.37,87.16
"543","UTTAR PRADESH","RAE BARELI",0.5,1,1,NA,NA,3404004,62.16,87.13
"544","UTTAR PRADESH","FARRUKHABAD",1,0.5,0,0.779236093282212,0.220763906717788,1885204,66.51,90.38
"545","UTTAR PRADESH","KANNAUJ",1,0.5,0,0.830473084891127,0.169526915108873,1656616,60.45,81.69
"546","UTTAR PRADESH","ETAWAH",1,0.5,0,0.76843046889323,0.23156953110677,1581810,74.57,87.53
"547","UTTAR PRADESH","AURAIYA",1,1,1,0.830217934173949,0.169782065826051,1379545,72.66,86.07
"548","UTTAR PRADESH","KANPUR DEHAT",1,0.5,0.5,0.903449201195423,0.0965507988045768,1796184,67.94,89.86
"549","UTTAR PRADESH","KANPUR NAGAR",1,1,0.5,0.341744468998539,0.658255531001461,4581268,82.23,85.02
"550","UTTAR PRADESH","JALAUN",1,1,1,0.75212636407424,0.24787363592576,1689974,70.25,87.48
"551","UTTAR PRADESH","JHANSI",0.5,0.5,1,0.582966702241516,0.417033297758484,1998603,67.96,86.36
"552","UTTAR PRADESH","LALITPUR",1,1,1,0.856434881695361,0.143565118304639,1221592,55.11,84.07
"553","UTTAR PRADESH","HAMIRPUR",0.5,0.5,1,0.809969346681337,0.190030653318663,1104285,65.57,88.66
"554","UTTAR PRADESH","MAHOBA",1,1,0.5,0.788367707127511,0.211632292872489,875958,59.83,81.4
"555","UTTAR PRADESH","BANDA",1,1,0.5,0.846752546668075,0.153247453331925,1799410,61.78,85.41
"556","UTTAR PRADESH","CHITRAKOOT",1,1,1,0.902864690994525,0.0971353090054753,991730,51.64,79.27
"557","UTTAR PRADESH","FATEHPUR",1,1,0,0.877696295066761,0.122303704933239,2632733,61.28,80.47
"558","UTTAR PRADESH","PRATAPGARH",1,1,0.5,0.945392863697793,0.0546071363022067,3209141,64.05,88.51
"559","UTTAR PRADESH","KAUSHAMBI",1,1,1,0.922195354326968,0.0778046456730324,1599596,44.43,74.59
"560","UTTAR PRADESH","ALLAHABAD",1,1,0.5,0.752640866211171,0.247359133788829,5954391,66.28,82.35
"561","UTTAR PRADESH","BARABANKI",1,1,0,0.898548440073739,0.101451559926261,3260699,54.31,61.68
"562","UTTAR PRADESH","FAIZABAD",1,1,0.5,0.862301274465843,0.137698725534157,2470996,63.46,83.35
"563","UTTAR PRADESH","AMBEDKAR NAGAR",1,1,0.5,0.882926141671337,0.117073858328663,2397888,70.87,89.05
"564","UTTAR PRADESH","SULTANPUR",1,0.5,0.5,NA,NA,3790922,60.44,81.89
"565","UTTAR PRADESH","BAHRAICH",1,1,0,0.918559086122181,0.0814409138778191,3487731,33.82,70.62
"566","UTTAR PRADESH","SHRAVASTI",1,0.5,0,0.965410462688424,0.0345895373115761,1117361,32.74,53.2
"567","UTTAR PRADESH","BALRAMPUR",1,1,0,NA,NA,2149066,36.83,76.42
"568","UTTAR PRADESH","GONDA",1,0.5,0,0.934468751301356,0.0655312486986443,3433919,46.1,72.81
"569","UTTAR PRADESH","SIDDHARTH NAGAR",1,1,0,0.937212836181186,0.0627871638188143,2559297,47.08,79.59
"570","UTTAR PRADESH","BASTI",1,0.5,0,0.943964691713898,0.056035308286102,2464464,58.41,81.75
"571","UTTAR PRADESH","SANT KABEER NAGAR",1,0.5,0,0.925062806709255,0.0749371932907451,1715183,56.01,78.87
"572","UTTAR PRADESH","MAHARAJGANJ",1,0.5,0,0.949815677935325,0.0501843220646753,2684703,47.13,81.99
"573","UTTAR PRADESH","GORAKHPUR",1,0.5,0.5,0.811720610372459,0.188279389627541,4440895,66.41,88.74
"574","UTTAR PRADESH","KUSHI NAGAR",1,0.5,0,0.95283912893206,0.0471608710679402,3564544,56.44,86.08
"575","UTTAR PRADESH","DEORIA",1,0.5,0,0.897836660167575,0.102163339832425,3100946,64.38,90.8
"576","UTTAR PRADESH","AZAMGARH",0.5,0.5,0.5,0.914735930218017,0.0852640697819833,4613913,70.74,87.48
"577","UTTAR PRADESH","MAU",1,0.5,0.5,0.77370115976297,0.22629884023703,2205968,67.61,83.14
"578","UTTAR PRADESH","BALLIA",0.5,0.5,0,0.906132649993487,0.0938673500065128,3239774,65.02,94.6
"579","UTTAR PRADESH","JAUNPUR",1,1,1,0.922882895391486,0.0771171046085135,4494204,67.43,91.54
"580","UTTAR PRADESH","GHAZIPUR",1,0.5,0.5,0.92421555531248,0.0757844446875204,3620268,65.41,90.63
"581","UTTAR PRADESH","CHANDAULI",1,0.5,0.5,0.875789397139223,0.124210602860777,1952756,65.12,87.11
"582","UTTAR PRADESH","VARANASI",1,1,1,0.565645890045286,0.434354109954714,3676841,70.53,85.93
"583","UTTAR PRADESH","SANT RAVIDAS NAGAR",1,1,0.5,0.854707824609226,0.145292175390774,1578213,63.35,83.18
"584","UTTAR PRADESH","MIRZAPUR",1,1,0.5,0.860804495047998,0.139195504952002,2496970,60.73,76.44
"585","UTTAR PRADESH","SONBHADRA",1,1,0.5,0.831231118047804,0.168768881952196,1862559,56.55,82.39
"586","UTTAR PRADESH","ETAH",1,0.5,0,0.848889815607953,0.151110184392047,1774480,64.65,85.69
"587","UTTAR PRADESH","KASGANJ",1,0.5,0,0.799399186618956,0.200600813381044,1436719,51.24,75.48
"588","UTTARAKHAND","UTTAR KASHI",0.5,1,1,0.926367673878928,0.0736323261210715,330086,71.2,92.6
"589","UTTARAKHAND","CHAMOLI",0.5,0.5,0.5,0.848326757829956,0.151673242170044,391605,85.8,95.9
"590","UTTARAKHAND","RUDRA PRAYAG",0.5,0.5,0.5,0.959035846214169,0.0409641537858307,242285,83.3,98
"591","UTTARAKHAND","TEHRI GARHWAL",0.5,1,1,0.886677190187598,0.113322809812402,618931,77.1,91.9
"592","UTTARAKHAND","DEHRADUN",0.5,0.5,1,0.444837430909757,0.555162569090243,1696694,84.6,95.5
"593","UTTARAKHAND","PAURI GARHWAL",0,0.5,1,0.836013741304376,0.163986258695624,687271,87.2,96
"594","UTTARAKHAND","PITHORAGARH",0.5,0,0.5,0.856021131931847,0.143978868068153,483439,79,92.5
"595","UTTARAKHAND","BAGESHWAR",0.5,0.5,1,0.965067064771564,0.0349329352284358,259898,79.5,94
"596","UTTARAKHAND","ALMORA",0.5,0.5,0,0.899898153592094,0.100101846407906,622506,79.7,98.4
"597","UTTARAKHAND","CHAMPAWAT",0.5,0.5,0.5,0.852326996549174,0.147673003450826,259648,74,87.5
"598","UTTARAKHAND","NAINITAL",0.5,0,0,0.610588672801839,0.389411327198161,954605,84.9,94.2
"599","UTTARAKHAND","UDAM SINGH NAGAR",0.5,0.5,0,0.644151077504909,0.355848922495091,1648902,66,83
"600","UTTARAKHAND","HARIDWAR",0.5,0.5,0,0.633365460198834,0.366634539801166,1890422,66.5,85.4
"601","WEST BENGAL","DARJEELING",0.5,0.5,0,0.605829578687292,0.394170421312708,1846823,78,95
"602","WEST BENGAL","JALPAIGURI",0.5,0.5,0.5,NA,NA,3869675,64.2,74.5
"603","WEST BENGAL","COOCHBEHAR",0.5,0.5,0.5,0.897330553236049,0.102669446763951,2819086,66.8,80.8
"604","WEST BENGAL","DINAJPUR UTTAR",1,0.5,0,0.879543778228705,0.120456221771295,3007134,51.1,65.1
"605","WEST BENGAL","DINAJPUR DAKSHIN",0.5,0.5,0.5,0.859035743517177,0.140964256482823,1676276,67.3,83.2
"606","WEST BENGAL","MALDAH",0.5,0.5,0.5,0.864206305334,0.135793694666,3988845,64.2,71.7
"607","WEST BENGAL","MURSHIDABAD",1,0.5,0.5,0.802825161212854,0.197174838787146,7103807,66.1,85.1
"608","WEST BENGAL","BIRBHUM",1,1,1,0.871674427050677,0.128325572949323,3502404,62.1,86.2
"609","WEST BENGAL","BARDHAMAN",0.5,0.5,1,0.601130693717693,0.398869306282307,7717563,66.6,72.6
"610","WEST BENGAL","NADIA",0,0,0,0.721558750677297,0.278441249322703,5167600,73.7,79.7
"611","WEST BENGAL","24 PARAGANAS NORTH",0,0,0,0.42734391491682,0.57265608508318,10009781,82.9,80.9
"612","WEST BENGAL","HOOGHLY",0.5,0.5,0.5,0.614342620097859,0.385657379902141,5519145,76.3,85.8
"613","WEST BENGAL","BANKURA",0.5,0.5,1,0.916652718595013,0.0833472814049869,3596674,65.2,83.7
"614","WEST BENGAL","PURULIA",1,1,1,0.872594079071982,0.127405920928018,2930115,48.1,76.5
"615","WEST BENGAL","HOWRAH",0.5,0.5,0,0.366159666261789,0.633840333738211,4850029,78.4,89
"616","WEST BENGAL","KOLKATA",0,0,0.5,0,1,4496694,80.8,84.3
"617","WEST BENGAL","24 PARAGANAS SOUTH",0.5,0.5,0.5,0.74420693752396,0.25579306247604,8161961,74.6,76.9
"618","WEST BENGAL","MEDINIPUR WEST",0.5,1,1,0.87778959075884,0.12221040924116,5913457,70.7,82.9
"619","WEST BENGAL","MEDINIPUR EAST",0.5,0.5,0.5,0.883687492334486,0.116312507665514,5095875,76.1,89.3
